{
    "name": "ESP32-RTTTL",
    "version": "1.3",
    "description": "A library that plays RTTTL melodies on an ESP32",
    "keywords": "other, rtttl, melody, esp32, music",
    "repository":
    {
      "type": "git",
      "url": "https://github.com/erik-toth/ESP32-RTTTL.git"
    },
    "authors":
    [
      {
        "name": "Denis De Mesmaeker",
        "url": "https://github.com/2ni",
        "maintainer": false
      },
      {
        "name": "Erik Tóth",
        "url": "https://github.com/erik-toth",
        "maintainer": true
      }
    ],
    "frameworks": "arduino",
    "platforms": "espressif32",
    "export": {
        "include": [
            "README.md",
            "src",
            "examples",
            "library.json"
        ],
        "exclude": [
            "extras",
            "tests",
            "test",
            "*.pdf"
        ]
    }
  }